PXL_20220608_193212390.jpg,eucalyptus
PXL_20220608_191013698.jpg,eucalyptus
PXL_20220608_192248412.jpg,background
PXL_20220608_192133742.jpg,eucalyptus
PXL_20220608_191249506.jpg,background
PXL_20220608_193400915.jpg,tree
PXL_20220608_190315385.jpg,background
PXL_20220608_192534796.jpg,eucalyptus
PXL_20220608_192624529.jpg,tree
PXL_20220608_193409138.jpg,tree
PXL_20220608_190221801.jpg,tree
PXL_20220608_192701811.jpg,tree
PXL_20220608_192757114.jpg,tree
PXL_20220608_192833909.jpg,eucalyptus
PXL_20220608_194352667.jpg,eucalyptus
PXL_20220608_192755918.jpg,tree
PXL_20220608_192453447.jpg,eucalyptus
PXL_20220608_190444743.jpg,tree
PXL_20220608_193214119.jpg,eucalyptus
PXL_20220608_192706399.jpg,tree
PXL_20220608_192743148.jpg,tree
PXL_20220608_192924284.jpg,eucalyptus
PXL_20220608_191915535.jpg,tree
PXL_20220608_192719508.jpg,tree
PXL_20220608_192836870.jpg,eucalyptus
PXL_20220608_192232988.jpg,eucalyptus
PXL_20220608_193757764.jpg,eucalyptus
PXL_20220608_192331503.jpg,tree
PXL_20220608_192413466.jpg,tree
PXL_20220608_190753640.jpg,eucalyptus
PXL_20220608_191321446.jpg,tree
PXL_20220608_193239302.jpg,eucalyptus
PXL_20220608_190927731.jpg,eucalyptus
PXL_20220608_190217791.jpg,eucalyptus
PXL_20220608_193754899.jpg,tree
PXL_20220608_190210995.jpg,eucalyptus
PXL_20220608_191947107.jpg,eucalyptus
PXL_20220608_193319952.jpg,eucalyptus
PXL_20220608_193252562.jpg,eucalyptus
PXL_20220608_190633029.jpg,tree
PXL_20220608_191036745.jpg,background
PXL_20220608_193211507.jpg,eucalyptus
PXL_20220608_192105185.jpg,eucalyptus
PXL_20220608_193436678.jpg,eucalyptus
PXL_20220608_192100572.jpg,eucalyptus
PXL_20220608_190702747.jpg,tree
PXL_20220608_193338426.jpg,eucalyptus
PXL_20220608_190151178.jpg,eucalyptus
PXL_20220608_192713782.jpg,tree
PXL_20220608_193251447.jpg,eucalyptus
PXL_20220608_192125057.jpg,eucalyptus
PXL_20220608_190232499.jpg,eucalyptus
PXL_20220608_193532386.jpg,background
PXL_20220608_190235447.jpg,background
PXL_20220608_191917335.jpg,eucalyptus
PXL_20220608_190718252.jpg,background
PXL_20220608_192518256.jpg,eucalyptus
PXL_20220608_191304174.jpg,background
PXL_20220608_192705268.jpg,eucalyptus
PXL_20220608_193543184.jpg,tree
PXL_20220608_190606656.jpg,tree
PXL_20220608_190229697.jpg,tree
PXL_20220608_193246072.jpg,eucalyptus
PXL_20220608_192803002.jpg,tree
PXL_20220608_193221760.jpg,eucalyptus
PXL_20220608_190209580.jpg,background
PXL_20220608_192501515.jpg,eucalyptus
PXL_20220608_191350051.jpg,eucalyptus
PXL_20220608_193302146.jpg,eucalyptus
PXL_20220608_191829368.jpg,eucalyptus
PXL_20220608_192549237.jpg,tree
PXL_20220608_192235170.jpg,eucalyptus
PXL_20220608_191944392.jpg,tree
PXL_20220608_190330842.jpg,tree
PXL_20220608_190823746.jpg,eucalyptus
PXL_20220608_190839050.jpg,eucalyptus
PXL_20220608_190431085.jpg,tree
PXL_20220608_193819767.jpg,tree
PXL_20220608_192114502.jpg,eucalyptus
PXL_20220608_190249749.jpg,tree
PXL_20220608_193506027.jpg,eucalyptus
PXL_20220608_193753920.jpg,background
PXL_20220608_192108856.jpg,eucalyptus
PXL_20220608_193237088.jpg,eucalyptus
PXL_20220608_191245501.jpg,background
PXL_20220608_192132275.jpg,eucalyptus
PXL_20220608_193255625.jpg,eucalyptus
PXL_20220608_192436233.jpg,eucalyptus
PXL_20220608_191032902.jpg,eucalyptus
PXL_20220608_192847269.jpg,tree
PXL_20220608_193225922.jpg,eucalyptus
PXL_20220608_191012032.jpg,eucalyptus
PXL_20220608_191005957.jpg,eucalyptus
PXL_20220608_192545424.jpg,background
PXL_20220608_191818605.jpg,eucalyptus
PXL_20220608_192226327.jpg,eucalyptus
PXL_20220608_191845528.jpg,tree
PXL_20220608_190815787.jpg,eucalyptus
PXL_20220608_192548102.jpg,tree
PXL_20220608_191138197.jpg,tree
PXL_20220608_192115541.jpg,eucalyptus
PXL_20220608_192316027.jpg,tree
PXL_20220608_193709797.jpg,background
PXL_20220608_192156732.jpg,eucalyptus
PXL_20220608_193100649.jpg,tree
PXL_20220608_190446811.jpg,tree
PXL_20220608_192803824.jpg,tree
PXL_20220608_193048817.jpg,tree
PXL_20220608_192416321.jpg,tree
PXL_20220608_192210537.jpg,eucalyptus
PXL_20220608_191100569.jpg,tree
PXL_20220608_194400140.jpg,eucalyptus
PXL_20220608_192704170.jpg,eucalyptus
PXL_20220608_190938614.jpg,eucalyptus
PXL_20220608_192656408.jpg,tree
PXL_20220608_192544088.jpg,tree
PXL_20220608_190329147.jpg,tree
PXL_20220608_192908678.jpg,tree
PXL_20220608_190552037.jpg,tree
PXL_20220608_192835704.jpg,eucalyptus
PXL_20220608_191820117.jpg,eucalyptus
PXL_20220608_190727955.jpg,tree
PXL_20220608_192221766.jpg,eucalyptus
PXL_20220608_192715152.jpg,tree
PXL_20220608_192211869.jpg,eucalyptus
PXL_20220608_191910611.jpg,tree
PXL_20220608_192840984.jpg,eucalyptus
PXL_20220608_193253580.jpg,eucalyptus
PXL_20220608_192151984.jpg,eucalyptus
PXL_20220608_190303426.jpg,tree
PXL_20220608_190933337.jpg,eucalyptus
PXL_20220608_192552511.jpg,tree
PXL_20220608_192135769.jpg,eucalyptus
PXL_20220608_193439700.jpg,eucalyptus
PXL_20220608_190840332.jpg,eucalyptus
PXL_20220608_190211963.jpg,tree
PXL_20220608_192254267.jpg,tree
PXL_20220608_190642935.jpg,tree
PXL_20220608_190816969.jpg,eucalyptus
PXL_20220608_192902803.jpg,eucalyptus
PXL_20220608_192203317.jpg,eucalyptus
PXL_20220608_191427541.jpg,eucalyptus
PXL_20220608_193559180.jpg,tree
PXL_20220608_193406490.jpg,tree
PXL_20220608_193722039.jpg,eucalyptus
PXL_20220608_190251764.jpg,tree
PXL_20220608_190223480.jpg,tree
PXL_20220608_190932388.jpg,eucalyptus
PXL_20220608_192426119.jpg,eucalyptus
PXL_20220608_190657653.jpg,tree
PXL_20220608_193438026.jpg,eucalyptus
PXL_20220608_191305793.jpg,background
PXL_20220608_193718358.jpg,eucalyptus
PXL_20220608_193414294.jpg,tree
PXL_20220608_193422915.jpg,tree
PXL_20220608_191132144.jpg,eucalyptus
PXL_20220608_193417010.jpg,tree
PXL_20220608_191229292.jpg,background
PXL_20220608_192209406.jpg,eucalyptus
PXL_20220608_192839698.jpg,eucalyptus
PXL_20220608_192139031.jpg,eucalyptus
PXL_20220608_193215110.jpg,eucalyptus
PXL_20220608_190548508.jpg,tree
PXL_20220608_194409909.jpg,eucalyptus
PXL_20220608_192106376.jpg,eucalyptus
PXL_20220608_192014766.jpg,eucalyptus
PXL_20220608_190742658.jpg,tree
PXL_20220608_190624522.jpg,eucalyptus
PXL_20220608_192551218.jpg,background
PXL_20220608_190245129.jpg,eucalyptus
PXL_20220608_191956487.jpg,eucalyptus
PXL_20220608_192734363.jpg,tree
PXL_20220608_193431161.jpg,tree
PXL_20220608_192007928.jpg,eucalyptus
PXL_20220608_193230597.jpg,eucalyptus
PXL_20220608_192721418.jpg,tree
PXL_20220608_192824192.jpg,eucalyptus
PXL_20220608_191329720.jpg,tree
PXL_20220608_192641307.jpg,tree
PXL_20220608_193357120.jpg,eucalyptus
PXL_20220608_190842678.jpg,background
PXL_20220608_190811208.jpg,eucalyptus
PXL_20220608_190719503.jpg,tree
PXL_20220608_192602776.jpg,eucalyptus
PXL_20220608_192851079.jpg,eucalyptus
PXL_20220608_192527572.jpg,eucalyptus
PXL_20220608_190158728.jpg,tree
PXL_20220608_192510490.jpg,tree
PXL_20220608_192524912.jpg,eucalyptus
PXL_20220608_193042591.jpg,eucalyptus
PXL_20220608_193434814.jpg,eucalyptus
PXL_20220608_193314579.jpg,eucalyptus
PXL_20220608_192406027.jpg,tree
PXL_20220608_192917414.jpg,tree
PXL_20220608_192412697.jpg,tree
PXL_20220608_192806294.jpg,tree
PXL_20220608_192622713.jpg,tree
PXL_20220608_191341249.jpg,eucalyptus
PXL_20220608_192317577.jpg,tree
PXL_20220608_192155501.jpg,eucalyptus
PXL_20220608_193248170.jpg,eucalyptus
PXL_20220608_191031272.jpg,eucalyptus
PXL_20220608_192728767.jpg,tree
PXL_20220608_190527295.jpg,background
PXL_20220608_190720998.jpg,tree
PXL_20220608_191002444.jpg,eucalyptus
PXL_20220608_193407830.jpg,tree
PXL_20220608_190429737.jpg,tree
PXL_20220608_192745819.jpg,tree
PXL_20220608_192828020.jpg,tree
PXL_20220608_192550248.jpg,tree
PXL_20220608_190506844.jpg,tree
PXL_20220608_193418858.jpg,tree
PXL_20220608_192146352.jpg,eucalyptus
PXL_20220608_193046079.jpg,tree
PXL_20220608_193557432.jpg,tree
PXL_20220608_193224308.jpg,eucalyptus
PXL_20220608_192811884.jpg,tree
PXL_20220608_191038692.jpg,tree
PXL_20220608_190704025.jpg,eucalyptus
PXL_20220608_190637376.jpg,eucalyptus
PXL_20220608_193516888.jpg,tree
PXL_20220608_192547078.jpg,eucalyptus
PXL_20220608_190314002.jpg,tree
PXL_20220608_193051101.jpg,tree
PXL_20220608_191904891.jpg,tree
PXL_20220608_192154436.jpg,eucalyptus
PXL_20220608_192120348.jpg,eucalyptus
PXL_20220608_192123641.jpg,eucalyptus
PXL_20220608_193307328.jpg,eucalyptus
PXL_20220608_192136933.jpg,eucalyptus
PXL_20220608_192912977.jpg,tree
PXL_20220608_192201673.jpg,eucalyptus
PXL_20220608_193515748.jpg,tree
PXL_20220608_190929197.jpg,eucalyptus
PXL_20220608_192739696.jpg,tree
PXL_20220608_193514126.jpg,tree
PXL_20220608_190325396.jpg,background
PXL_20220608_193303198.jpg,eucalyptus
PXL_20220608_193051896.jpg,tree
PXL_20220608_190230980.jpg,eucalyptus
PXL_20220608_192846103.jpg,eucalyptus
PXL_20220608_191826238.jpg,eucalyptus
PXL_20220608_192320285.jpg,tree
PXL_20220608_191317810.jpg,tree
PXL_20220608_194414036.jpg,eucalyptus
PXL_20220608_190328063.jpg,tree
PXL_20220608_190246547.jpg,tree
PXL_20220608_192433288.jpg,eucalyptus
PXL_20220608_192726173.jpg,eucalyptus
PXL_20220608_192417470.jpg,eucalyptus
PXL_20220608_191000132.jpg,tree
PXL_20220608_193539473.jpg,tree
PXL_20220608_192113361.jpg,eucalyptus
PXL_20220608_190845120.jpg,background
PXL_20220608_192755184.jpg,eucalyptus
PXL_20220608_191244074.jpg,background
PXL_20220608_193745519.jpg,eucalyptus
PXL_20220608_193708431.jpg,background
PXL_20220608_190916949.jpg,background
PXL_20220608_190806582.jpg,eucalyptus
PXL_20220608_193318370.jpg,eucalyptus
PXL_20220608_190215462.jpg,tree
PXL_20220608_191852365.jpg,tree
PXL_20220608_192415108.jpg,background
PXL_20220608_190641171.jpg,tree
PXL_20220608_192301656.jpg,tree
PXL_20220608_193231495.jpg,eucalyptus
PXL_20220608_193348181.jpg,eucalyptus
PXL_20220608_192712437.jpg,tree
PXL_20220608_190616014.jpg,tree
PXL_20220608_191019255.jpg,tree
PXL_20220608_193047544.jpg,tree
PXL_20220608_190529923.jpg,background
PXL_20220608_193346345.jpg,eucalyptus
PXL_20220608_190713408.jpg,tree
PXL_20220608_191330469.jpg,eucalyptus
PXL_20220608_190717083.jpg,tree
PXL_20220608_192816857.jpg,tree
PXL_20220608_193356022.jpg,eucalyptus
PXL_20220608_193256988.jpg,eucalyptus
PXL_20220608_193728938.jpg,tree
PXL_20220608_192718522.jpg,tree
PXL_20220608_193222760.jpg,eucalyptus
PXL_20220608_194411142.jpg,eucalyptus
PXL_20220608_192758112.jpg,tree
PXL_20220608_193207047.jpg,eucalyptus
PXL_20220608_192008967.jpg,eucalyptus
PXL_20220608_193258219.jpg,eucalyptus
PXL_20220608_190701352.jpg,background
PXL_20220608_192829682.jpg,eucalyptus
PXL_20220608_194351503.jpg,eucalyptus
PXL_20220608_190320619.jpg,tree
PXL_20220608_192420549.jpg,eucalyptus
PXL_20220608_190342934.jpg,tree
PXL_20220608_191034272.jpg,eucalyptus
PXL_20220608_193427858.jpg,tree
PXL_20220608_192121313.jpg,eucalyptus
PXL_20220608_191345194.jpg,tree
PXL_20220608_192001558.jpg,eucalyptus
PXL_20220608_190908547.jpg,tree
PXL_20220608_192208275.jpg,eucalyptus
PXL_20220608_191841291.jpg,tree
PXL_20220608_191418194.jpg,eucalyptus
PXL_20220608_192515679.jpg,eucalyptus
PXL_20220608_193415578.jpg,tree
PXL_20220608_190205712.jpg,tree
PXL_20220608_191821613.jpg,eucalyptus
PXL_20220608_191423499.jpg,eucalyptus
PXL_20220608_193444285.jpg,tree
PXL_20220608_192256081.jpg,tree
PXL_20220608_192002871.jpg,eucalyptus
PXL_20220608_192648289.jpg,tree
PXL_20220608_190301575.jpg,eucalyptus
PXL_20220608_190352111.jpg,tree
PXL_20220608_192848647.jpg,eucalyptus
PXL_20220608_191257208.jpg,background
PXL_20220608_192350037.jpg,eucalyptus
PXL_20220608_190825365.jpg,eucalyptus
PXL_20220608_190738077.jpg,tree
PXL_20220608_192330099.jpg,tree
PXL_20220608_193446082.jpg,eucalyptus
PXL_20220608_190424425.jpg,tree
PXL_20220608_192140277.jpg,eucalyptus
PXL_20220608_191843875.jpg,tree
PXL_20220608_192304664.jpg,eucalyptus
PXL_20220608_192348446.jpg,eucalyptus
PXL_20220608_190304974.jpg,tree
PXL_20220608_192222884.jpg,eucalyptus
PXL_20220608_192904071.jpg,eucalyptus
PXL_20220608_192716044.jpg,tree
PXL_20220608_192213334.jpg,eucalyptus
PXL_20220608_191027579.jpg,eucalyptus
PXL_20220608_190350845.jpg,tree
PXL_20220608_194350430.jpg,eucalyptus
PXL_20220608_191935529.jpg,eucalyptus
PXL_20220608_191223406.jpg,background
PXL_20220608_192533446.jpg,eucalyptus
PXL_20220608_192442254.jpg,eucalyptus
PXL_20220608_192122742.jpg,eucalyptus
PXL_20220608_192720454.jpg,tree
PXL_20220608_190608238.jpg,tree
PXL_20220608_192237334.jpg,eucalyptus
PXL_20220608_192649179.jpg,tree
PXL_20220608_193339540.jpg,eucalyptus
PXL_20220608_193223524.jpg,eucalyptus
PXL_20220608_191428721.jpg,eucalyptus
PXL_20220608_192731798.jpg,tree
PXL_20220608_193428789.jpg,eucalyptus
PXL_20220608_190601397.jpg,tree
PXL_20220608_193519024.jpg,eucalyptus
PXL_20220608_192101986.jpg,eucalyptus
PXL_20220608_192107307.jpg,eucalyptus
PXL_20220608_194359159.jpg,eucalyptus
PXL_20220608_190333891.jpg,tree
PXL_20220608_192831778.jpg,eucalyptus
PXL_20220608_192852591.jpg,tree
PXL_20220608_191247222.jpg,background
PXL_20220608_192013614.jpg,eucalyptus
PXL_20220608_190639391.jpg,tree
PXL_20220608_193600929.jpg,background
PXL_20220608_191950563.jpg,tree
PXL_20220608_192302819.jpg,eucalyptus
PXL_20220608_190714388.jpg,tree
PXL_20220608_191003962.jpg,eucalyptus
PXL_20220608_190846558.jpg,background
PXL_20220608_192057446.jpg,eucalyptus
PXL_20220608_191433897.jpg,eucalyptus
PXL_20220608_191934230.jpg,eucalyptus
PXL_20220608_192319020.jpg,tree
PXL_20220608_190233932.jpg,tree
PXL_20220608_193504658.jpg,eucalyptus
PXL_20220608_190930342.jpg,eucalyptus
PXL_20220608_190532309.jpg,tree
PXL_20220608_192336203.jpg,tree
PXL_20220608_191020823.jpg,tree
PXL_20220608_190416297.jpg,tree
PXL_20220608_194405683.jpg,eucalyptus
PXL_20220608_190623323.jpg,eucalyptus
PXL_20220608_191225698.jpg,eucalyptus
PXL_20220608_190844010.jpg,background
PXL_20220608_192623599.jpg,tree
PXL_20220608_193413244.jpg,tree
PXL_20220608_193821131.jpg,background
PXL_20220608_193405397.jpg,tree
PXL_20220608_190452947.jpg,tree
PXL_20220608_193205815.jpg,eucalyptus
PXL_20220608_193531055.jpg,tree
PXL_20220608_190149463.jpg,tree
PXL_20220608_192633921.jpg,tree
PXL_20220608_192246185.jpg,tree
PXL_20220608_192334507.jpg,tree
PXL_20220608_192735388.jpg,tree
PXL_20220608_192204349.jpg,eucalyptus
PXL_20220608_192429916.jpg,eucalyptus
PXL_20220608_192423591.jpg,eucalyptus
PXL_20220608_192832767.jpg,eucalyptus
PXL_20220608_192428567.jpg,eucalyptus
PXL_20220608_192346783.jpg,eucalyptus
PXL_20220608_190248128.jpg,tree
PXL_20220608_193247039.jpg,eucalyptus
PXL_20220608_190504145.jpg,tree
PXL_20220608_190546376.jpg,tree
PXL_20220608_192444318.jpg,eucalyptus
PXL_20220608_194404667.jpg,eucalyptus
PXL_20220608_190833638.jpg,eucalyptus
PXL_20220608_193308538.jpg,eucalyptus
PXL_20220608_192827020.jpg,eucalyptus
PXL_20220608_190220097.jpg,eucalyptus
PXL_20220608_193412048.jpg,tree
PXL_20220608_190341469.jpg,tree
PXL_20220608_193751136.jpg,tree
PXL_20220608_192744174.jpg,eucalyptus
PXL_20220608_192843558.jpg,eucalyptus
PXL_20220608_190602770.jpg,tree
PXL_20220608_193410449.jpg,tree
PXL_20220608_190432421.jpg,tree
PXL_20220608_191936859.jpg,tree
PXL_20220608_192855104.jpg,tree
PXL_20220608_190454607.jpg,tree
PXL_20220608_194407958.jpg,eucalyptus
PXL_20220608_192404846.jpg,tree
PXL_20220608_193220882.jpg,eucalyptus
PXL_20220608_190725907.jpg,tree
PXL_20220608_190610002.jpg,eucalyptus
PXL_20220608_191152357.jpg,tree
PXL_20220608_191150540.jpg,tree
PXL_20220608_193313079.jpg,eucalyptus
PXL_20220608_191053539.jpg,tree
PXL_20220608_191919264.jpg,eucalyptus
PXL_20220608_192702916.jpg,tree
PXL_20220608_190614931.jpg,tree
PXL_20220608_193425976.jpg,tree
PXL_20220608_193402311.jpg,tree
PXL_20220608_192918628.jpg,eucalyptus
PXL_20220608_193044366.jpg,tree
PXL_20220608_192655523.jpg,tree
PXL_20220608_190154579.jpg,tree
PXL_20220608_190525611.jpg,background
PXL_20220608_190832055.jpg,eucalyptus
PXL_20220608_192601416.jpg,tree
PXL_20220608_191140369.jpg,tree
PXL_20220608_191911943.jpg,tree
PXL_20220608_193321180.jpg,eucalyptus
PXL_20220608_193219379.jpg,eucalyptus
PXL_20220608_190800970.jpg,eucalyptus
PXL_20220608_192354434.jpg,tree
PXL_20220608_190939897.jpg,eucalyptus
PXL_20220608_190848075.jpg,background
PXL_20220608_192144674.jpg,eucalyptus
PXL_20220608_192220570.jpg,eucalyptus
PXL_20220608_193056987.jpg,tree
PXL_20220608_190312387.jpg,background
PXL_20220608_193240350.jpg,eucalyptus
PXL_20220608_191359078.jpg,eucalyptus
PXL_20220608_191007143.jpg,eucalyptus
PXL_20220608_193749178.jpg,eucalyptus
PXL_20220608_193421254.jpg,tree
PXL_20220608_193403793.jpg,tree
PXL_20220608_190706317.jpg,tree
PXL_20220608_190635044.jpg,eucalyptus
PXL_20220608_192759081.jpg,tree
PXL_20220608_190307573.jpg,tree
PXL_20220608_192130913.jpg,eucalyptus
PXL_20220608_193217783.jpg,eucalyptus
PXL_20220608_190743475.jpg,tree
PXL_20220608_192153287.jpg,eucalyptus
PXL_20220608_190553153.jpg,tree
PXL_20220608_193521136.jpg,tree
PXL_20220608_192434835.jpg,eucalyptus
PXL_20220608_191024365.jpg,tree
PXL_20220608_190903058.jpg,eucalyptus
PXL_20220608_192419233.jpg,tree
PXL_20220608_192147813.jpg,tree
PXL_20220608_193229532.jpg,eucalyptus
PXL_20220608_190536319.jpg,background
PXL_20220608_190849391.jpg,background
PXL_20220608_192150176.jpg,eucalyptus
PXL_20220608_190653707.jpg,tree
PXL_20220608_190813672.jpg,eucalyptus
PXL_20220608_191145413.jpg,background
PXL_20220608_191433014.jpg,eucalyptus
PXL_20220608_192747531.jpg,tree
PXL_20220608_193254478.jpg,eucalyptus
PXL_20220608_191319473.jpg,tree
PXL_20220608_191126607.jpg,eucalyptus
PXL_20220608_190317039.jpg,background
PXL_20220608_192642111.jpg,tree
PXL_20220608_192536172.jpg,eucalyptus
PXL_20220608_190152913.jpg,tree
PXL_20220608_190752590.jpg,eucalyptus
PXL_20220608_190715803.jpg,eucalyptus
PXL_20220608_192811018.jpg,tree
PXL_20220608_192503095.jpg,tree
PXL_20220608_192332761.jpg,tree
PXL_20220608_192900459.jpg,eucalyptus
PXL_20220608_193540722.jpg,tree
PXL_20220608_191022267.jpg,tree
PXL_20220608_193326825.jpg,eucalyptus
PXL_20220608_194349289.jpg,eucalyptus
PXL_20220608_190259592.jpg,tree
PXL_20220608_191928690.jpg,tree
PXL_20220608_192521037.jpg,eucalyptus
PXL_20220608_192928115.jpg,eucalyptus
PXL_20220608_192059192.jpg,eucalyptus
PXL_20220608_191920757.jpg,eucalyptus
PXL_20220608_191955337.jpg,eucalyptus
PXL_20220608_190656654.jpg,tree
PXL_20220608_190812590.jpg,eucalyptus
PXL_20220608_192526374.jpg,eucalyptus
PXL_20220608_190421276.jpg,tree
PXL_20220608_192859115.jpg,eucalyptus
PXL_20220608_190322097.jpg,tree
PXL_20220608_193429839.jpg,tree
