,filename
0,PXL_20220608_193212390.jpg
1,PXL_20220608_191013698.jpg
2,PXL_20220608_192248412.jpg
3,PXL_20220608_192133742.jpg
4,PXL_20220608_191249506.jpg
5,PXL_20220608_193400915.jpg
6,PXL_20220608_190315385.jpg
7,PXL_20220608_192534796.jpg
8,PXL_20220608_192624529.jpg
9,PXL_20220608_193409138.jpg
10,PXL_20220608_190221801.jpg
11,PXL_20220608_192701811.jpg
12,PXL_20220608_192757114.jpg
13,PXL_20220608_192833909.jpg
14,PXL_20220608_194352667.jpg
15,PXL_20220608_192755918.jpg
16,PXL_20220608_192453447.jpg
17,PXL_20220608_190444743.jpg
18,PXL_20220608_193214119.jpg
19,PXL_20220608_192706399.jpg
20,PXL_20220608_192743148.jpg
21,PXL_20220608_192924284.jpg
22,PXL_20220608_191915535.jpg
23,PXL_20220608_192719508.jpg
24,PXL_20220608_192836870.jpg
25,PXL_20220608_192232988.jpg
26,PXL_20220608_193757764.jpg
27,PXL_20220608_192331503.jpg
28,PXL_20220608_192413466.jpg
29,PXL_20220608_190753640.jpg
30,PXL_20220608_191321446.jpg
31,PXL_20220608_193239302.jpg
32,PXL_20220608_190927731.jpg
33,PXL_20220608_190217791.jpg
34,PXL_20220608_193754899.jpg
35,PXL_20220608_190210995.jpg
36,PXL_20220608_191947107.jpg
37,PXL_20220608_193319952.jpg
38,PXL_20220608_193252562.jpg
39,PXL_20220608_190633029.jpg
40,PXL_20220608_191036745.jpg
41,PXL_20220608_193211507.jpg
42,PXL_20220608_192105185.jpg
43,PXL_20220608_193436678.jpg
44,PXL_20220608_192100572.jpg
45,PXL_20220608_190702747.jpg
46,PXL_20220608_193338426.jpg
47,PXL_20220608_190151178.jpg
48,PXL_20220608_192713782.jpg
49,PXL_20220608_193251447.jpg
50,PXL_20220608_192125057.jpg
51,PXL_20220608_190232499.jpg
52,PXL_20220608_193532386.jpg
53,PXL_20220608_190235447.jpg
54,PXL_20220608_191917335.jpg
55,PXL_20220608_190718252.jpg
56,PXL_20220608_192518256.jpg
57,PXL_20220608_191304174.jpg
58,PXL_20220608_192705268.jpg
59,PXL_20220608_193543184.jpg
60,PXL_20220608_190606656.jpg
61,PXL_20220608_190229697.jpg
62,PXL_20220608_193246072.jpg
63,PXL_20220608_192803002.jpg
64,PXL_20220608_193221760.jpg
65,PXL_20220608_190209580.jpg
66,PXL_20220608_192501515.jpg
67,PXL_20220608_191350051.jpg
68,PXL_20220608_193302146.jpg
69,PXL_20220608_191829368.jpg
70,PXL_20220608_192549237.jpg
71,PXL_20220608_192235170.jpg
72,PXL_20220608_191944392.jpg
73,PXL_20220608_190330842.jpg
74,PXL_20220608_190823746.jpg
75,PXL_20220608_190839050.jpg
76,PXL_20220608_190431085.jpg
77,PXL_20220608_193819767.jpg
78,PXL_20220608_192114502.jpg
79,PXL_20220608_190249749.jpg
80,PXL_20220608_193506027.jpg
81,PXL_20220608_193753920.jpg
82,PXL_20220608_192108856.jpg
83,PXL_20220608_193237088.jpg
84,PXL_20220608_191245501.jpg
85,PXL_20220608_192132275.jpg
86,PXL_20220608_193255625.jpg
87,PXL_20220608_192436233.jpg
88,PXL_20220608_191032902.jpg
89,PXL_20220608_192847269.jpg
90,PXL_20220608_193225922.jpg
91,PXL_20220608_191012032.jpg
92,PXL_20220608_191005957.jpg
93,PXL_20220608_192545424.jpg
94,PXL_20220608_191818605.jpg
95,PXL_20220608_192226327.jpg
96,PXL_20220608_191845528.jpg
97,PXL_20220608_190815787.jpg
98,PXL_20220608_192548102.jpg
99,PXL_20220608_191138197.jpg
100,PXL_20220608_192115541.jpg
101,PXL_20220608_192316027.jpg
102,PXL_20220608_193709797.jpg
103,PXL_20220608_192156732.jpg
104,PXL_20220608_193100649.jpg
105,PXL_20220608_190446811.jpg
106,PXL_20220608_192803824.jpg
107,PXL_20220608_193048817.jpg
108,PXL_20220608_192416321.jpg
109,PXL_20220608_192210537.jpg
110,PXL_20220608_191100569.jpg
111,PXL_20220608_194400140.jpg
112,PXL_20220608_192704170.jpg
113,PXL_20220608_190938614.jpg
114,PXL_20220608_192656408.jpg
115,PXL_20220608_192544088.jpg
116,PXL_20220608_190329147.jpg
117,PXL_20220608_192908678.jpg
118,PXL_20220608_190552037.jpg
119,PXL_20220608_192835704.jpg
120,PXL_20220608_191820117.jpg
121,PXL_20220608_190727955.jpg
122,PXL_20220608_192221766.jpg
123,PXL_20220608_192715152.jpg
124,PXL_20220608_192211869.jpg
125,PXL_20220608_191910611.jpg
126,PXL_20220608_192840984.jpg
127,PXL_20220608_193253580.jpg
128,PXL_20220608_192151984.jpg
129,PXL_20220608_190303426.jpg
130,PXL_20220608_190933337.jpg
131,PXL_20220608_192552511.jpg
132,PXL_20220608_192135769.jpg
133,PXL_20220608_193439700.jpg
134,PXL_20220608_190840332.jpg
135,PXL_20220608_190211963.jpg
136,PXL_20220608_192254267.jpg
137,PXL_20220608_190642935.jpg
138,PXL_20220608_190816969.jpg
139,PXL_20220608_192902803.jpg
140,PXL_20220608_192203317.jpg
141,PXL_20220608_191427541.jpg
142,PXL_20220608_193559180.jpg
143,PXL_20220608_193406490.jpg
144,PXL_20220608_193722039.jpg
145,PXL_20220608_190251764.jpg
146,PXL_20220608_190223480.jpg
147,PXL_20220608_190932388.jpg
148,PXL_20220608_192426119.jpg
149,PXL_20220608_190657653.jpg
150,PXL_20220608_193438026.jpg
151,PXL_20220608_191305793.jpg
152,PXL_20220608_193718358.jpg
153,PXL_20220608_193414294.jpg
154,PXL_20220608_193422915.jpg
155,PXL_20220608_191132144.jpg
156,PXL_20220608_193417010.jpg
157,PXL_20220608_191229292.jpg
158,PXL_20220608_192209406.jpg
159,PXL_20220608_192839698.jpg
160,PXL_20220608_192139031.jpg
161,PXL_20220608_193215110.jpg
162,PXL_20220608_190548508.jpg
163,PXL_20220608_194409909.jpg
164,PXL_20220608_192106376.jpg
165,PXL_20220608_192014766.jpg
166,PXL_20220608_190742658.jpg
167,PXL_20220608_190624522.jpg
168,PXL_20220608_192551218.jpg
169,PXL_20220608_190245129.jpg
170,PXL_20220608_191956487.jpg
171,PXL_20220608_192734363.jpg
172,PXL_20220608_193431161.jpg
173,PXL_20220608_192007928.jpg
174,PXL_20220608_193230597.jpg
175,PXL_20220608_192721418.jpg
176,PXL_20220608_192824192.jpg
177,PXL_20220608_191329720.jpg
178,PXL_20220608_192641307.jpg
179,PXL_20220608_193357120.jpg
180,PXL_20220608_190842678.jpg
181,PXL_20220608_190811208.jpg
182,PXL_20220608_190719503.jpg
183,PXL_20220608_192602776.jpg
184,PXL_20220608_192851079.jpg
185,PXL_20220608_192527572.jpg
186,PXL_20220608_190158728.jpg
187,PXL_20220608_192510490.jpg
188,PXL_20220608_192524912.jpg
189,PXL_20220608_193042591.jpg
190,PXL_20220608_193434814.jpg
191,PXL_20220608_193314579.jpg
192,PXL_20220608_192406027.jpg
193,PXL_20220608_192917414.jpg
194,PXL_20220608_192412697.jpg
195,PXL_20220608_192806294.jpg
196,PXL_20220608_192622713.jpg
197,PXL_20220608_191341249.jpg
198,PXL_20220608_192317577.jpg
199,PXL_20220608_192155501.jpg
200,PXL_20220608_193248170.jpg
201,PXL_20220608_191031272.jpg
202,PXL_20220608_192728767.jpg
203,PXL_20220608_190527295.jpg
204,PXL_20220608_190720998.jpg
205,PXL_20220608_191002444.jpg
206,PXL_20220608_193407830.jpg
207,PXL_20220608_190429737.jpg
208,PXL_20220608_192745819.jpg
209,PXL_20220608_192828020.jpg
210,PXL_20220608_192550248.jpg
211,PXL_20220608_190506844.jpg
212,PXL_20220608_193418858.jpg
213,PXL_20220608_192146352.jpg
214,PXL_20220608_193046079.jpg
215,PXL_20220608_193557432.jpg
216,PXL_20220608_193224308.jpg
217,PXL_20220608_192811884.jpg
218,PXL_20220608_191038692.jpg
219,PXL_20220608_190704025.jpg
220,PXL_20220608_190637376.jpg
221,PXL_20220608_193516888.jpg
222,PXL_20220608_192547078.jpg
223,PXL_20220608_190314002.jpg
224,PXL_20220608_193051101.jpg
225,PXL_20220608_191904891.jpg
226,PXL_20220608_192154436.jpg
227,PXL_20220608_192120348.jpg
228,PXL_20220608_192123641.jpg
229,PXL_20220608_193307328.jpg
230,PXL_20220608_192136933.jpg
231,PXL_20220608_192912977.jpg
232,PXL_20220608_192201673.jpg
233,PXL_20220608_193515748.jpg
234,PXL_20220608_190929197.jpg
235,PXL_20220608_192739696.jpg
236,PXL_20220608_193514126.jpg
237,PXL_20220608_190325396.jpg
238,PXL_20220608_193303198.jpg
239,PXL_20220608_193051896.jpg
240,PXL_20220608_190230980.jpg
241,PXL_20220608_192846103.jpg
242,PXL_20220608_191826238.jpg
243,PXL_20220608_192320285.jpg
244,PXL_20220608_191317810.jpg
245,PXL_20220608_194414036.jpg
246,PXL_20220608_190328063.jpg
247,PXL_20220608_190246547.jpg
248,PXL_20220608_192433288.jpg
249,PXL_20220608_192726173.jpg
250,PXL_20220608_192417470.jpg
251,PXL_20220608_191000132.jpg
252,PXL_20220608_193539473.jpg
253,PXL_20220608_192113361.jpg
254,PXL_20220608_190845120.jpg
255,PXL_20220608_192755184.jpg
256,PXL_20220608_191244074.jpg
257,PXL_20220608_193745519.jpg
258,PXL_20220608_193708431.jpg
259,PXL_20220608_190916949.jpg
260,PXL_20220608_190806582.jpg
261,PXL_20220608_193318370.jpg
262,PXL_20220608_190215462.jpg
263,PXL_20220608_191852365.jpg
264,PXL_20220608_192415108.jpg
265,PXL_20220608_190641171.jpg
266,PXL_20220608_192301656.jpg
267,PXL_20220608_193231495.jpg
268,PXL_20220608_193348181.jpg
269,PXL_20220608_192712437.jpg
270,PXL_20220608_190616014.jpg
271,PXL_20220608_191019255.jpg
272,PXL_20220608_193047544.jpg
273,PXL_20220608_190529923.jpg
274,PXL_20220608_193346345.jpg
275,PXL_20220608_190713408.jpg
276,PXL_20220608_191330469.jpg
277,PXL_20220608_190717083.jpg
278,PXL_20220608_192816857.jpg
279,PXL_20220608_193356022.jpg
280,PXL_20220608_193256988.jpg
281,PXL_20220608_193728938.jpg
282,PXL_20220608_192718522.jpg
283,PXL_20220608_193222760.jpg
284,PXL_20220608_194411142.jpg
285,PXL_20220608_192758112.jpg
286,PXL_20220608_193207047.jpg
287,PXL_20220608_192008967.jpg
288,PXL_20220608_193258219.jpg
289,PXL_20220608_190701352.jpg
290,PXL_20220608_192829682.jpg
291,PXL_20220608_194351503.jpg
292,PXL_20220608_190320619.jpg
293,PXL_20220608_192420549.jpg
294,PXL_20220608_190342934.jpg
295,PXL_20220608_191034272.jpg
296,PXL_20220608_193427858.jpg
297,PXL_20220608_192121313.jpg
298,PXL_20220608_191345194.jpg
299,PXL_20220608_192001558.jpg
300,PXL_20220608_190908547.jpg
301,PXL_20220608_192208275.jpg
302,PXL_20220608_191841291.jpg
303,PXL_20220608_191418194.jpg
304,PXL_20220608_192515679.jpg
305,PXL_20220608_193415578.jpg
306,PXL_20220608_190205712.jpg
307,PXL_20220608_191821613.jpg
308,PXL_20220608_191423499.jpg
309,PXL_20220608_193444285.jpg
310,PXL_20220608_192256081.jpg
311,PXL_20220608_192002871.jpg
312,PXL_20220608_192648289.jpg
313,PXL_20220608_190301575.jpg
314,PXL_20220608_190352111.jpg
315,PXL_20220608_192848647.jpg
316,PXL_20220608_191257208.jpg
317,PXL_20220608_192350037.jpg
318,PXL_20220608_190825365.jpg
319,PXL_20220608_190738077.jpg
320,PXL_20220608_192330099.jpg
321,PXL_20220608_193446082.jpg
322,PXL_20220608_190424425.jpg
323,PXL_20220608_192140277.jpg
324,PXL_20220608_191843875.jpg
325,PXL_20220608_192304664.jpg
326,PXL_20220608_192348446.jpg
327,PXL_20220608_190304974.jpg
328,PXL_20220608_192222884.jpg
329,PXL_20220608_192904071.jpg
330,PXL_20220608_192716044.jpg
331,PXL_20220608_192213334.jpg
332,PXL_20220608_191027579.jpg
333,PXL_20220608_190350845.jpg
334,PXL_20220608_194350430.jpg
335,PXL_20220608_191935529.jpg
336,PXL_20220608_191223406.jpg
337,PXL_20220608_192533446.jpg
338,PXL_20220608_192442254.jpg
339,PXL_20220608_192122742.jpg
340,PXL_20220608_192720454.jpg
341,PXL_20220608_190608238.jpg
342,PXL_20220608_192237334.jpg
343,PXL_20220608_192649179.jpg
344,PXL_20220608_193339540.jpg
345,PXL_20220608_193223524.jpg
346,PXL_20220608_191428721.jpg
347,PXL_20220608_192731798.jpg
348,PXL_20220608_193428789.jpg
349,PXL_20220608_190601397.jpg
350,PXL_20220608_193519024.jpg
351,PXL_20220608_192101986.jpg
352,PXL_20220608_192107307.jpg
353,PXL_20220608_194359159.jpg
354,PXL_20220608_190333891.jpg
355,PXL_20220608_192831778.jpg
356,PXL_20220608_192852591.jpg
357,PXL_20220608_191247222.jpg
358,PXL_20220608_192013614.jpg
359,PXL_20220608_190639391.jpg
360,PXL_20220608_193600929.jpg
361,PXL_20220608_191950563.jpg
362,PXL_20220608_192302819.jpg
363,PXL_20220608_190714388.jpg
364,PXL_20220608_191003962.jpg
365,PXL_20220608_190846558.jpg
366,PXL_20220608_192057446.jpg
367,PXL_20220608_191433897.jpg
368,PXL_20220608_191934230.jpg
369,PXL_20220608_192319020.jpg
370,PXL_20220608_190233932.jpg
371,PXL_20220608_193504658.jpg
372,PXL_20220608_190930342.jpg
373,PXL_20220608_190532309.jpg
374,PXL_20220608_192336203.jpg
375,PXL_20220608_191020823.jpg
376,PXL_20220608_190416297.jpg
377,PXL_20220608_194405683.jpg
378,PXL_20220608_190623323.jpg
379,PXL_20220608_191225698.jpg
380,PXL_20220608_190844010.jpg
381,PXL_20220608_192623599.jpg
382,PXL_20220608_193413244.jpg
383,PXL_20220608_193821131.jpg
384,PXL_20220608_193405397.jpg
385,PXL_20220608_190452947.jpg
386,PXL_20220608_193205815.jpg
387,PXL_20220608_193531055.jpg
388,PXL_20220608_190149463.jpg
389,PXL_20220608_192633921.jpg
390,PXL_20220608_192246185.jpg
391,PXL_20220608_192334507.jpg
392,PXL_20220608_192735388.jpg
393,PXL_20220608_192204349.jpg
394,PXL_20220608_192429916.jpg
395,PXL_20220608_192423591.jpg
396,PXL_20220608_192832767.jpg
397,PXL_20220608_192428567.jpg
398,PXL_20220608_192346783.jpg
399,PXL_20220608_190248128.jpg
400,PXL_20220608_193247039.jpg
401,PXL_20220608_190504145.jpg
402,PXL_20220608_190546376.jpg
403,PXL_20220608_192444318.jpg
404,PXL_20220608_194404667.jpg
405,PXL_20220608_190833638.jpg
406,PXL_20220608_193308538.jpg
407,PXL_20220608_192827020.jpg
408,PXL_20220608_190220097.jpg
409,PXL_20220608_193412048.jpg
410,PXL_20220608_190341469.jpg
411,PXL_20220608_193751136.jpg
412,PXL_20220608_192744174.jpg
413,PXL_20220608_192843558.jpg
414,PXL_20220608_190602770.jpg
415,PXL_20220608_193410449.jpg
416,PXL_20220608_190432421.jpg
417,PXL_20220608_191936859.jpg
418,PXL_20220608_192855104.jpg
419,PXL_20220608_190454607.jpg
420,PXL_20220608_194407958.jpg
421,PXL_20220608_192404846.jpg
422,PXL_20220608_193220882.jpg
423,PXL_20220608_190725907.jpg
424,PXL_20220608_190610002.jpg
425,PXL_20220608_191152357.jpg
426,PXL_20220608_191150540.jpg
427,PXL_20220608_193313079.jpg
428,PXL_20220608_191053539.jpg
429,PXL_20220608_191919264.jpg
430,PXL_20220608_192702916.jpg
431,PXL_20220608_190614931.jpg
432,PXL_20220608_193425976.jpg
433,PXL_20220608_193402311.jpg
434,PXL_20220608_192918628.jpg
435,PXL_20220608_193044366.jpg
436,PXL_20220608_192655523.jpg
437,PXL_20220608_190154579.jpg
438,PXL_20220608_190525611.jpg
439,PXL_20220608_190832055.jpg
440,PXL_20220608_192601416.jpg
441,PXL_20220608_191140369.jpg
442,PXL_20220608_191911943.jpg
443,PXL_20220608_193321180.jpg
444,PXL_20220608_193219379.jpg
445,PXL_20220608_190800970.jpg
446,PXL_20220608_192354434.jpg
447,PXL_20220608_190939897.jpg
448,PXL_20220608_190848075.jpg
449,PXL_20220608_192144674.jpg
450,PXL_20220608_192220570.jpg
451,PXL_20220608_193056987.jpg
452,PXL_20220608_190312387.jpg
453,PXL_20220608_193240350.jpg
454,PXL_20220608_191359078.jpg
455,PXL_20220608_191007143.jpg
456,PXL_20220608_193749178.jpg
457,PXL_20220608_193421254.jpg
458,PXL_20220608_193403793.jpg
459,PXL_20220608_190706317.jpg
460,PXL_20220608_190635044.jpg
461,PXL_20220608_192759081.jpg
462,PXL_20220608_190307573.jpg
463,PXL_20220608_192130913.jpg
464,PXL_20220608_193217783.jpg
465,PXL_20220608_190743475.jpg
466,PXL_20220608_192153287.jpg
467,PXL_20220608_190553153.jpg
468,PXL_20220608_193521136.jpg
469,PXL_20220608_192434835.jpg
470,PXL_20220608_191024365.jpg
471,PXL_20220608_190903058.jpg
472,PXL_20220608_192419233.jpg
473,PXL_20220608_192147813.jpg
474,PXL_20220608_193229532.jpg
475,PXL_20220608_190536319.jpg
476,PXL_20220608_190849391.jpg
477,PXL_20220608_192150176.jpg
478,PXL_20220608_190653707.jpg
479,PXL_20220608_190813672.jpg
480,PXL_20220608_191145413.jpg
481,PXL_20220608_191433014.jpg
482,PXL_20220608_192747531.jpg
483,PXL_20220608_193254478.jpg
484,PXL_20220608_191319473.jpg
485,PXL_20220608_191126607.jpg
486,PXL_20220608_190317039.jpg
487,PXL_20220608_192642111.jpg
488,PXL_20220608_192536172.jpg
489,PXL_20220608_190152913.jpg
490,PXL_20220608_190752590.jpg
491,PXL_20220608_190715803.jpg
492,PXL_20220608_192811018.jpg
493,PXL_20220608_192503095.jpg
494,PXL_20220608_192332761.jpg
495,PXL_20220608_192900459.jpg
496,PXL_20220608_193540722.jpg
497,PXL_20220608_191022267.jpg
498,PXL_20220608_193326825.jpg
499,PXL_20220608_194349289.jpg
500,PXL_20220608_190259592.jpg
501,PXL_20220608_191928690.jpg
502,PXL_20220608_192521037.jpg
503,PXL_20220608_192928115.jpg
504,PXL_20220608_192059192.jpg
505,PXL_20220608_191920757.jpg
506,PXL_20220608_191955337.jpg
507,PXL_20220608_190656654.jpg
508,PXL_20220608_190812590.jpg
509,PXL_20220608_192526374.jpg
510,PXL_20220608_190421276.jpg
511,PXL_20220608_192859115.jpg
512,PXL_20220608_190322097.jpg
513,PXL_20220608_193429839.jpg
